id_source,structure,sources,url,uuid,nom,pratique,type,communes,depart,arrivee,duree,balisage,longueur,difficulte,altitude_max,altitude_min,denivele_positif,denivele_negatif,description_courte,description,instructions,themes,recommandations,accessibilite,acces_routier,transports,geometrie,parking,geometrie_parking,date_creation,date_modification,medias,rando_parent,type_sol
37355,"{""nom"" : ""PNC"", ""contact"" : ""contact@cevennes-parcnational.fr""}","[{""nom"" : ""Parc national des Cévennes"", ""contact"" : ""http://www.cevennes-parcnational.fr/""}]",https://destination.cevennes-parcnational.fr/sentiers-de-decouverte/exemple/,123e4567-e89b-12d3-a456-426614174000,RANDO EXEMPLE,pedestre,boucle,"[{""nom"" : ""Meyrueis"", ""code_INSEE"" : ""48096""}]",Parking,Parking,0.8,"[""découverte PNC""]",1.1,T1,769,749,19,-19,"<p>Cette promenade familiale permet de d&eacute;couvrir le domaine de Roquedols&nbsp;; son ch&acirc;teau, son pigeonnier et la for&ecirc;t. Le charme des lieux op&egrave;re pour les grands et les petits&nbsp;!</p>","<p>La promenade &Ocirc; domaine de Roquedols est une invitation &agrave; la r&ecirc;verie&nbsp;: les odeurs de la for&ecirc;t, le bruit du ruisseau et le ch&acirc;teau charment les visiteurs. Mais le promeneur attentif d&eacute;couvrira que l&rsquo;homme a fa&ccedil;onn&eacute; cette nature enchanteresse au gr&eacute; de ses envies et de ses besoins.</p>","<p>Le sentier d&eacute;bute en pente tr&egrave;s douce dans la for&ecirc;t jusqu'au pigeonnier. Empruntant le trac&eacute; d'un ancien b&eacute;al (canal d'irrigation), le parcours atteint rapidement le ch&acirc;teau et les jardins.</p>","[""Forêt"", ""Histoire et culture""]",<p>Les randonn&eacute;es &eacute;questre et &agrave; VTT ne sont pas autoris&eacute;es ou adapt&eacute;es sur les sentiers d'interpr&eacute;tation.&nbsp;</p>,"[""PMR"", ""Malvoyants""]","<p>D 986 depuis Meyrueis, direction Mont Aigoual, suivre domaine de Roquedols (&agrave; 1,5 km du bourg de Meyrueis)<br />D 986 depuis l'Esp&eacute;rou, col de la Serreyr&egrave;de, direction Meyrueis puis domaine de Roquedols</p>","liO est le Service Public Occitanie Transports de la R&eacute;gion Occitanie/ Pyr&eacute;n&eacute;es - M&eacute;diterran&eacute;e. Il permet &agrave; chacun de se d&eacute;placer facilement en privil&eacute;giant les transports en commun. Pour tout savoir, contacter le 08 10 33 42 73 ou se rendre sur www.laregion.fr<br /><br /><br />","LINESTRING(3.436344 44.165061,3.437046 44.16363,3.437505 44.16282,3.437748 44.162604,3.437748 44.162415,3.437586 44.162226,3.437208 44.161929,3.436695 44.16174,3.435885 44.161551,3.436155 44.161389,3.436209 44.161308,3.436776 44.161389,3.437829 44.161686,3.438153 44.161713,3.438342 44.161821,3.438369 44.162172,3.438045 44.162739,3.437964 44.163009,3.436884 44.16444,3.436344 44.165088)",Parking au départ du sentier,POINT(3.435831 44.16525),2015-10-14,2018-06-18,"[{""url"" : """", ""titre"" : ""Entre labeur et oisiveté"", ""auteur"" : ""© Théâtre clandestin"", ""licence"" : ""licence""}, {""url"" : ""paperclip/trekking_trek/37333/13940.jpg"", ""titre"" : ""Château de Roquedols"", ""auteur"" : ""© A. BOUISSOU / TERRA Ministère de l'Environnement"", ""licence"" : ""licence""}, {""url"" : ""paperclip/trekking_trek/37333/07583_1.jpg"", ""titre"" : ""Château de Roquedols"", ""auteur"" : ""© Olivier Prohin"", ""licence"" : ""licence""}]",43197,"[""Sente 40cm"", ""Piste 2.5m""]"
37333,"{""nom"" : ""PNC"", ""contact"" : ""contact@cevennes-parcnational.fr""}","[{""nom"" : ""Parc national des Cévennes"", ""contact"" : ""http://www.cevennes-parcnational.fr/""}]",,,Ô domaine de Roquedols !,pedestre,boucle,"[{""nom"" : ""Meyrueis"", ""code_INSEE"" : ""48096""}]",Parking,Parking,0.8,"[""découverte PNC""]",1.1,T1,769,749,19,-19,"<p>Cette promenade familiale permet de d&eacute;couvrir le domaine de Roquedols&nbsp;; son ch&acirc;teau, son pigeonnier et la for&ecirc;t. Le charme des lieux op&egrave;re pour les grands et les petits&nbsp;!</p>","<p>La promenade &Ocirc; domaine de Roquedols est une invitation &agrave; la r&ecirc;verie&nbsp;: les odeurs de la for&ecirc;t, le bruit du ruisseau et le ch&acirc;teau charment les visiteurs. Mais le promeneur attentif d&eacute;couvrira que l&rsquo;homme a fa&ccedil;onn&eacute; cette nature enchanteresse au gr&eacute; de ses envies et de ses besoins.</p>","<p>Le sentier d&eacute;bute en pente tr&egrave;s douce dans la for&ecirc;t jusqu'au pigeonnier. Empruntant le trac&eacute; d'un ancien b&eacute;al (canal d'irrigation), le parcours atteint rapidement le ch&acirc;teau et les jardins.</p>","[""Forêt"", ""Histoire et culture""]",<p>Les randonn&eacute;es &eacute;questre et &agrave; VTT ne sont pas autoris&eacute;es ou adapt&eacute;es sur les sentiers d'interpr&eacute;tation.&nbsp;</p>,,"<p>D 986 depuis Meyrueis, direction Mont Aigoual, suivre domaine de Roquedols (&agrave; 1,5 km du bourg de Meyrueis)<br />D 986 depuis l'Esp&eacute;rou, col de la Serreyr&egrave;de, direction Meyrueis puis domaine de Roquedols</p>",,"LINESTRING(3.436344 44.165061,3.437046 44.16363,3.437505 44.16282,3.437748 44.162604,3.437748 44.162415,3.437586 44.162226,3.437208 44.161929,3.436695 44.16174,3.435885 44.161551,3.436155 44.161389,3.436209 44.161308,3.436776 44.161389,3.437829 44.161686,3.438153 44.161713,3.438342 44.161821,3.438369 44.162172,3.438045 44.162739,3.437964 44.163009,3.436884 44.16444,3.436344 44.165088)",Parking au départ du sentier,POINT(3.435831 44.16525),2015-10-14,2018-06-18,"[{""url"" : """", ""titre"" : ""Entre labeur et oisiveté"", ""auteur"" : ""© Théâtre clandestin"", ""licence"" : ""licence""}, {""url"" : ""paperclip/trekking_trek/37333/13940.jpg"", ""titre"" : ""Château de Roquedols"", ""auteur"" : ""© A. BOUISSOU / TERRA Ministère de l'Environnement"", ""licence"" : ""licence""}, {""url"" : ""paperclip/trekking_trek/37333/07583_1.jpg"", ""titre"" : ""Château de Roquedols"", ""auteur"" : ""© Olivier Prohin"", ""licence"" : ""licence""}]",,
39665,"{""nom"" : ""PNC"", ""contact"" : ""contact@cevennes-parcnational.fr""}","[{""nom"" : ""CC du Valdonnez"", ""contact"" : """"}]",,,Lanuéjols,pedestre,boucle,"[{""nom"" : ""Sainte-Hélène"", ""code_INSEE"" : ""48157""}, {""nom"" : ""Lanuéjols"", ""code_INSEE"" : ""48081""}, {""nom"" : ""Chadenet"", ""code_INSEE"" : ""48037""}]",Lanuéjols,Lanuéjols,5.0,"[""Balisage peinture verte""]",21.4,T1,1208,789,603,-603,"<p>Mausol&eacute;e, ch&acirc;teaux, chapelle, fermes, hameaux, autant de lieux charg&eacute;s d'une histoire qui ne demande qu'&agrave; &ecirc;tre racont&eacute;e...</p>","<p>Le mausol&eacute;e vous ram&egrave;ne &agrave; l'&eacute;poque gallo-romaine, les ch&acirc;teaux sur les terres seigneuriales du Moyen Age. Sur le causse de Mende, la ferme de Chapieu retrace l'&eacute;poque des grandes exploitations caussenardes, tandis que les hameaux dans la vall&eacute;e refl&egrave;tent l'agriculture d'aujourd'hui. La trace du travail de l'homme est omnipr&eacute;sente.</p>","<p>Depuis le mausol&eacute;e de Lanu&eacute;jols, monter dans le village direction de l'&eacute;glise et sous le cimeti&egrave;re descendre &agrave; droite jusqu'&agrave; la route. La traverser et prendre le chemin agricole en fond de vallon. Traverser le ruisseau de La Prade, puis la route de Vareilles pour rejoindre Finiols. Dans le hameau, prendre &agrave; droite au carrefour en T pour descendre sur le Boy. Rejoindre la D 41 et l&rsquo;emprunter par la droite sur 300 m. Prendre ensuite une piste &agrave; gauche montant sur Chapieu. Avant d'arriver sur le plateau, au niveau de la troisi&egrave;me &eacute;pingle &agrave; cheveux, prendre la piste de niveau pour acc&eacute;der au ch&acirc;teau de Chapieu, 150 m plus loin. Revenir sur le piste et monter jusqu'&agrave; la ferme de Chapieu, contourner les b&acirc;timents et continuer tout droit pour rejoindre une piste foresti&egrave;re. L'emprunter par la droite jusqu'au col de La Loubi&egrave;re. Au col, redescendre par la route jusqu'au Masseguin. Dans le hameau, prendre le chemin qui monte sur la gauche. Un sentier de cr&ecirc;te vous conduit &agrave; la chapelle St Geni&egrave;s. Continuer sur ce sentier qui descendc jusqu'&agrave; la route. Prendre la route &agrave; droite ; au niveau de l'&eacute;pingle &agrave; cheveux, prendre la piste que vous quittez 200 m plus tard pour emprunter un chemin sur votre gauche descendant &agrave; Vitrolles. Rejoindre Lanu&eacute;jols par la route.</p>","[""Agriculture et élevage"", ""Architecture et village""]","<p>Adaptez votre &eacute;quipement aux conditions m&eacute;t&eacute;o du jour. N'oubliez pas que le temps change vite en montagne. Pensez &agrave; emporter de l'eau en quantit&eacute; suffisante, de bonnes chaussures et un chapeau. Bien refermer les cl&ocirc;tures et les portillons.</p>",,"<p>Depuis Mende, prendre direction Balsi&egrave;ges (N 88), puis N 106 direction Col de Montmirat (depuis Florac, N 106 direction Mende-col de Montmirat). &Agrave; Rouffiac prendre D 41 direction Langlade, Lanuejols</p>",,"LINESTRING(3.571506 44.499915,3.571614 44.50005,3.571614 44.500104,3.571614 44.500158,3.571614 44.500212,3.571641 44.500212,3.571722 44.500212,3.571884 44.500482,3.572127 44.50059,3.572802 44.50059,3.572964 44.500536,3.57318 44.500536,3.573288 44.500455,3.573639 44.50032,3.573423 44.500131,3.573369 44.499888,3.573315 44.499591,3.57345 44.49924,3.573477 44.49897,3.573612 44.498754,3.573666 44.498376,3.573747 44.498187,3.573855 44.498079,3.573828 44.49789,3.57345 44.497431,3.572478 44.496972,3.572424 44.496891,3.572478 44.496729,3.572451 44.496621,3.571074 44.495514,3.570804 44.495244,3.57075 44.495136,3.570804 44.495028,3.571182 44.494812,3.571236 44.494704,3.571209 44.494569,3.571263 44.494299,3.571236 44.494191,3.56967 44.494002,3.569265 44.494002,3.569103 44.493975,3.568914 44.49384,3.568698 44.493516,3.568644 44.493354,3.568617 44.493057,3.568644 44.49303,3.568482 44.49249,3.567942 44.492193,3.567834 44.492085,3.567645 44.491734,3.567294 44.490897,3.567186 44.490519,3.567186 44.490384,3.567321 44.490195,3.567321 44.490087,3.567051 44.489682,3.566619 44.48979,3.565998 44.49006,3.565701 44.490114,3.564648 44.490006,3.563811 44.489844,3.563541 44.489844,3.562596 44.490006,3.56211 44.490168,3.561921 44.490276,3.56211 44.490978,3.562083 44.491059,3.561165 44.492031,3.561138 44.492274,3.559437 44.493894,3.560571 44.496675,3.560733 44.496837,3.560463 44.496945,3.559626 44.496918,3.558897 44.497026,3.558465 44.496972,3.558033 44.49681,3.556818 44.496054,3.555117 44.495352,3.554496 44.495217,3.553227 44.495055,3.552687 44.49492,3.551823 44.494893,3.551769 44.494947,3.551823 44.495028,3.552012 44.495136,3.552687 44.495757,3.553011 44.495946,3.553416 44.496621,3.553686 44.496891,3.554118 44.497458,3.554388 44.497998,3.554766 44.498916,3.554955 44.499483,3.554982 44.499807,3.555117 44.500131,3.555009 44.500185,3.554928 44.499969,3.554766 44.499726,3.553173 44.498187,3.55212 44.49735,3.551958 44.49735,3.552633 44.497944,3.552957 44.498403,3.553416 44.499321,3.553551 44.499888,3.553794 44.50059,3.554199 44.501184,3.55455 44.501562,3.554604 44.501697,3.554253 44.501481,3.553848 44.50113,3.553146 44.500293,3.552957 44.500131,3.552876 44.500185,3.552984 44.50059,3.553227 44.501103,3.553632 44.501697,3.553659 44.502237,3.553902 44.503047,3.553821 44.5041,3.553551 44.505666,3.553308 44.506395,3.552471 44.507421,3.552228 44.507826,3.551472 44.508555,3.550878 44.508717,3.5505 44.508771,3.550581 44.508825,3.550608 44.50896,3.550716 44.509122,3.550743 44.509365,3.551283 44.509986,3.551742 44.510958,3.551931 44.511228,3.552417 44.511741,3.552876 44.512119,3.553551 44.512578,3.553686 44.512767,3.55374 44.512983,3.553848 44.513172,3.553875 44.513496,3.55374 44.513631,3.55347 44.51436,3.553497 44.514765,3.553443 44.515332,3.553578 44.515602,3.554604 44.516142,3.555306 44.516655,3.555522 44.516763,3.555738 44.516682,3.555954 44.516493,3.556251 44.516331,3.557439 44.515791,3.558411 44.515548,3.559167 44.515602,3.559383 44.515656,3.559653 44.515764,3.560355 44.516196,3.560922 44.516736,3.561705 44.517303,3.56211 44.517654,3.563136 44.518194,3.564135 44.518896,3.564702 44.519166,3.565701 44.519382,3.56724 44.519382,3.56886 44.519274,3.569967 44.519247,3.570993 44.519112,3.57237 44.518734,3.572856 44.518653,3.573477 44.518383,3.574935 44.517465,3.576798 44.51652,3.578148 44.516115,3.578823 44.515845,3.579795 44.515602,3.581307 44.515359,3.582117 44.515332,3.582279 44.515278,3.583305 44.514549,3.584466 44.513577,3.585357 44.51301,3.586248 44.512578,3.586734 44.51247,3.587571 44.512497,3.589488 44.512956,3.590028 44.512929,3.590973 44.512686,3.591513 44.512497,3.591918 44.512281,3.592701 44.511795,3.593349 44.511282,3.594618 44.510769,3.597183 44.510067,3.597345 44.509986,3.597507 44.509986,3.598209 44.50977,3.598857 44.509635,3.601449 44.508906,3.603879 44.508366,3.604284 44.508339,3.605499 44.508096,3.608172 44.507124,3.608766 44.506881,3.609009 44.506692,3.610872 44.504748,3.611439 44.50437,3.612006 44.504073,3.612303 44.503965,3.614382 44.503425,3.616299 44.502993,3.616731 44.502939,3.617676 44.502912,3.619161 44.503128,3.619512 44.503074,3.620538 44.502777,3.621159 44.502507,3.622995 44.501427,3.624696 44.500752,3.625398 44.50059,3.625938 44.500536,3.626856 44.500563,3.627261 44.500455,3.62826 44.499942,3.628584 44.499645,3.628719 44.499267,3.628557 44.499105,3.626991 44.49816,3.626829 44.497917,3.626883 44.497674,3.627234 44.497269,3.628098 44.496648,3.628584 44.496405,3.629286 44.496135,3.629367 44.496054,3.629475 44.495811,3.629367 44.495676,3.628773 44.495622,3.627234 44.495379,3.625371 44.495352,3.624777 44.495406,3.622941 44.496054,3.621429 44.496378,3.621132 44.496486,3.620133 44.496999,3.620052 44.497269,3.62016 44.497485,3.620214 44.497728,3.620322 44.497863,3.620268 44.497917,3.619809 44.497971,3.619998 44.498079,3.619944 44.498484,3.620052 44.498673,3.620052 44.498781,3.619971 44.498862,3.61962 44.49897,3.619215 44.498997,3.618756 44.498889,3.617676 44.498781,3.617136 44.499051,3.614895 44.499618,3.614409 44.49978,3.613815 44.499888,3.613248 44.50005,3.61206 44.500212,3.61071 44.50032,3.609765 44.500563,3.609279 44.500779,3.608307 44.501103,3.60747 44.501319,3.606066 44.501346,3.605067 44.501589,3.603879 44.501805,3.60315 44.501886,3.602313 44.501859,3.602178 44.502048,3.602124 44.502075,3.601989 44.502048,3.601962 44.502156,3.601773 44.502021,3.60153 44.501994,3.601611 44.502237,3.601773 44.502426,3.601719 44.50248,3.601854 44.502534,3.602016 44.502723,3.602259 44.502885,3.602556 44.502966,3.60288 44.502966,3.60315 44.502912,3.603474 44.502777,3.603609 44.502804,3.603636 44.502912,3.603339 44.503263,3.603204 44.503371,3.602853 44.503452,3.602826 44.503533,3.601746 44.503398,3.601044 44.503236,3.599964 44.503209,3.599532 44.503074,3.599181 44.502858,3.598722 44.502723,3.597642 44.502291,3.59748 44.50221,3.597291 44.501994,3.596913 44.501859,3.595671 44.501616,3.59451 44.501481,3.594915 44.5014,3.596427 44.501373,3.59748 44.501481,3.598398 44.501481,3.598317 44.501346,3.598398 44.501319,3.598074 44.501103,3.597534 44.50113,3.59748 44.501184,3.596373 44.501022,3.595752 44.501022,3.594969 44.500914,3.594429 44.500914,3.592701 44.500779,3.592215 44.500644,3.589731 44.500671,3.58776 44.500536,3.58722 44.500455,3.586869 44.500293,3.586356 44.500185,3.585708 44.500266,3.584466 44.500239,3.583953 44.500401,3.583683 44.500455,3.583386 44.500455,3.583008 44.500401,3.58209 44.500158,3.58128 44.500023,3.580497 44.499753,3.580254 44.499969,3.579849 44.50005,3.578418 44.50005,3.577176 44.500104,3.575178 44.500293,3.574692 44.500212,3.574044 44.499861,3.573477 44.499861,3.573369 44.499888,3.573261 44.499888,3.571749 44.500212,3.571722 44.500212,3.571641 44.500212,3.571614 44.500212,3.571614 44.500158,3.571614 44.500104,3.571614 44.50005,3.571506 44.499915)",Autour du mausolée de Lanuéjols,,2016-01-27,2016-12-06,"[{""url"" : ""paperclip/trekking_trek/39665/59-croix-de-vitrolles.JPG"", ""titre"" : ""Croix de Vitrolles"", ""auteur"" : ""© Nathalie Thomas"", ""licence"" : ""licence""}, {""url"" : ""paperclip/trekking_trek/39665/55-vitrolles.JPG"", ""titre"" : ""Village de Vitrolles"", ""auteur"" : ""© Nathalie Thomas"", ""licence"" : ""licence""}, {""url"" : ""paperclip/trekking_trek/39665/51-chapelle-de-st-genies.JPG"", ""titre"" : ""Chapelle de St-Geniès"", ""auteur"" : ""© Nathalie Thomas"", ""licence"" : ""licence""}, {""url"" : ""paperclip/trekking_trek/39665/12-vue-sur-lanuejols.JPG"", ""titre"" : ""Vue sur Lanuéjols"", ""auteur"" : ""© Nathalie Thomas"", ""licence"" : ""licence""}]",,
43197,"{""nom"" : ""PNC"", ""contact"" : ""contact@cevennes-parcnational.fr""}","[{""nom"" : ""PNC"", ""contact"" : ""contact@cevennes-parcnational.fr""}]",,,Bézuc,pedestre,boucle,"[{""nom"" : ""Vebron"", ""code_INSEE"" : ""48193""}, {""nom"" : ""Bassurels"", ""code_INSEE"" : ""48020""}, {""nom"" : ""Rousses"", ""code_INSEE"" : ""48130""}, {""nom"" : ""Le Pompidou"", ""code_INSEE"" : ""48115""}]",Pompidou (place de la salle des fêtes),Pompidou (place de la salle des fêtes),6.5,"[""Balisage peinture jaune""]",16.2,T1,1076,776,514,-514,"Ce circuit vous conduit de la corniche des C&eacute;vennes jusqu'&agrave; la can de l&rsquo;Hospital, petit causse perdu au milieu de l&rsquo;oc&eacute;an des montagnes c&eacute;venoles. Les paysages travers&eacute;s sont d&rsquo;une infinie vari&eacute;t&eacute;.","Ce circuit vous conduit de la corniche des C&eacute;vennes jusqu'&agrave; la can de l&rsquo;Hospital, petit causse perdu au milieu de l&rsquo;oc&eacute;an des montagnes c&eacute;venoles. Les paysages travers&eacute;s sont d&rsquo;une infinie vari&eacute;t&eacute;.","D&eacute;part sur la place de la salle des f&ecirc;tes.<br /><ol>

<li>Prendre la ruelle puis tourner &agrave; gauche pour rejoindre le sentier qui monte au col de Tartabissac.</li>

<li>Au col prendre le chemin &agrave; gauche, faire attention au passage &agrave; gu&eacute; et l'&eacute;viter les jours de fortes pluies.</li>

<li>&Agrave; B&eacute;zuc, passer l'&eacute;chelle et traverser la route. Prendre le chemin en face. 300 m plus loin, tourner &agrave; gauche; puis, apr&egrave;s 400 m, tourner &agrave; gauche pour prendre le sentier qui monte &agrave; l'Hospitalet.</li>

<li><span>&Agrave; l'Hospitalet traverser la route et&nbsp; continuer sur la piste (GR 7) sur 3,9 km. Quitter la piste pour prendre un chemin sur la gauche et rejoindre le hameau de La Bastide.</span></li>

<li><span>Traverser le hameau et suivre la route jusqu'aux Crottes. Passer &agrave; gauche de la ferme pour emprunter un sentier qui descend &agrave; travers les falaises calcaires. Prendre la route par la gauche pour rejoindre la D 9 et un &eacute;chalier. Rejoindre l'Abeuradou, puis la route D 9 sur 120 m et dans le virage descendre tout droit sur le Pompidou.</span></li>

</ol>","[""Agriculture et élevage"", ""Eau et géologie""]","Attention, itin&eacute;raire &agrave; ne pas faire apr&egrave;s de fortes pluies (passage de cours d'eau). Adaptez votre &eacute;quipement aux conditions m&eacute;t&eacute;o du jour. N'oubliez pas que le temps change vite en montagne. Pensez &agrave; emporter de l'eau en quantit&eacute; suffisante, de bonnes chaussures et un chapeau. Bien refermer les cl&ocirc;tures et les portillons.",,"<p>Depuis Florac, prendre la direction de St-Laurent-de-Tr&egrave;ves, par la D 907 puis la D 983, puis la direction du Pompidou par la D 9</p>",,"LINESTRING(3.653883 44.195193,3.65391 44.195382,3.653991 44.19549,3.653559 44.195517,3.653559 44.195355,3.653532 44.195382,3.653397 44.195409,3.653316 44.195409,3.653262 44.195436,3.653127 44.195463,3.653073 44.195517,3.652992 44.195517,3.652884 44.195625,3.652722 44.196192,3.652479 44.196489,3.652425 44.196462,3.652155 44.196732,3.651507 44.197191,3.651102 44.197299,3.650886 44.197299,3.650859 44.19738,3.650913 44.197677,3.650778 44.197812,3.650562 44.197839,3.650589 44.197893,3.650508 44.197974,3.650535 44.198028,3.650292 44.198244,3.650238 44.198352,3.650157 44.198757,3.649968 44.199054,3.649644 44.199351,3.649293 44.199513,3.649212 44.199594,3.649239 44.199675,3.649158 44.19981,3.648969 44.199972,3.648861 44.200161,3.647646 44.201538,3.647403 44.201727,3.646782 44.20197,3.64662 44.202105,3.646134 44.202375,3.64581 44.202429,3.645729 44.20251,3.645648 44.202699,3.645567 44.202996,3.645621 44.203401,3.645 44.204049,3.644865 44.204265,3.644622 44.204454,3.644217 44.20467,3.644082 44.204886,3.643758 44.205129,3.643326 44.205588,3.642624 44.20602,3.64257 44.206128,3.642624 44.206371,3.642597 44.206695,3.64284 44.206911,3.643056 44.207559,3.643002 44.207721,3.64284 44.207883,3.642624 44.207964,3.642138 44.208018,3.641841 44.208099,3.64122 44.208099,3.64068 44.208018,3.640086 44.207991,3.639762 44.207856,3.639465 44.208207,3.639222 44.208423,3.638898 44.208909,3.638979 44.209341,3.638817 44.209746,3.638466 44.210043,3.637926 44.210259,3.636846 44.210394,3.636549 44.210475,3.636144 44.210853,3.63609 44.211069,3.636117 44.211312,3.635847 44.211663,3.635658 44.212068,3.635631 44.212554,3.635766 44.21304,3.636063 44.213661,3.635874 44.213931,3.635361 44.214282,3.633633 44.215065,3.633066 44.215227,3.632661 44.215416,3.632634 44.215389,3.631959 44.215578,3.6315 44.215821,3.631068 44.216172,3.630663 44.217036,3.630474 44.217684,3.630393 44.217792,3.630393 44.217927,3.630258 44.21817,3.630204 44.218926,3.629988 44.219169,3.629853 44.219412,3.629718 44.21952,3.629556 44.220141,3.629367 44.220357,3.629367 44.220627,3.629448 44.220789,3.629448 44.220951,3.629583 44.221194,3.629772 44.221329,3.629772 44.221383,3.629556 44.221923,3.629259 44.222193,3.62934 44.222328,3.629259 44.22249,3.629259 44.222625,3.628962 44.222922,3.628881 44.222949,3.628665 44.222922,3.628449 44.22303,3.628233 44.223219,3.627936 44.223192,3.627693 44.223084,3.627288 44.223057,3.62664 44.223327,3.626397 44.223597,3.626316 44.223867,3.62637 44.224272,3.626289 44.224569,3.626046 44.224866,3.625884 44.224947,3.625047 44.225028,3.624777 44.225163,3.624183 44.225784,3.624048 44.225865,3.623832 44.225919,3.623616 44.226216,3.624237 44.226729,3.624426 44.227107,3.624399 44.22735,3.62421 44.227161,3.62367 44.226972,3.623454 44.226621,3.623346 44.226594,3.623292 44.226702,3.623184 44.226729,3.622995 44.226486,3.622968 44.226189,3.622914 44.226081,3.622725 44.226108,3.622563 44.226378,3.622212 44.226162,3.62124 44.226189,3.620376 44.226324,3.619782 44.226567,3.619404 44.226837,3.619377 44.226945,3.619161 44.227134,3.618999 44.227053,3.618918 44.226945,3.618324 44.226648,3.616947 44.225784,3.615462 44.224461,3.615192 44.22438,3.614004 44.224218,3.613626 44.223948,3.613032 44.223624,3.612924 44.223435,3.612897 44.22303,3.612789 44.222733,3.612357 44.222004,3.611736 44.221086,3.611547 44.220924,3.611412 44.2206,3.610899 44.220195,3.610521 44.219655,3.610359 44.219547,3.610062 44.219061,3.609306 44.218224,3.608361 44.216955,3.608334 44.216739,3.608388 44.216577,3.608334 44.216442,3.608172 44.216334,3.607578 44.216253,3.606957 44.215848,3.606795 44.215659,3.605985 44.214336,3.605769 44.213904,3.605715 44.213742,3.605769 44.213175,3.606201 44.211339,3.606174 44.210097,3.605688 44.208909,3.605607 44.208342,3.605742 44.207937,3.606093 44.207343,3.606255 44.206911,3.606579 44.205588,3.606579 44.205291,3.606633 44.205156,3.606606 44.204832,3.60666 44.2044,3.606606 44.20386,3.606498 44.203482,3.606201 44.20278,3.606093 44.202375,3.605958 44.201187,3.605985 44.200917,3.60612 44.20062,3.606174 44.200323,3.606336 44.199891,3.606336 44.199432,3.606174 44.198892,3.606174 44.198568,3.606228 44.198433,3.606174 44.198217,3.606174 44.19765,3.606201 44.197488,3.606444 44.197083,3.606444 44.196921,3.606579 44.196543,3.606552 44.195922,3.607011 44.196354,3.607227 44.196435,3.607605 44.196435,3.607794 44.19657,3.608199 44.196705,3.608496 44.197056,3.608901 44.197758,3.60936 44.19819,3.610143 44.199108,3.610305 44.199243,3.61071 44.199756,3.610899 44.20008,3.610926 44.200377,3.611223 44.20116,3.611196 44.201268,3.61125 44.20143,3.61125 44.201619,3.611196 44.201781,3.611169 44.202186,3.611358 44.202132,3.611412 44.201862,3.611682 44.201727,3.611763 44.201727,3.611979 44.201835,3.612303 44.201673,3.612573 44.201619,3.61287 44.201484,3.61341 44.201403,3.61395 44.201457,3.614976 44.201862,3.615354 44.201808,3.615435 44.201781,3.615651 44.201565,3.616299 44.201349,3.617055 44.200917,3.617406 44.200809,3.619404 44.200944,3.621645 44.201214,3.622482 44.201376,3.62286 44.201538,3.622941 44.201619,3.623292 44.202213,3.623481 44.202753,3.623481 44.203185,3.623319 44.203887,3.623346 44.204049,3.623427 44.204157,3.623751 44.204184,3.624426 44.204103,3.625047 44.204184,3.625452 44.204049,3.62583 44.20386,3.626262 44.203536,3.627099 44.202672,3.627423 44.20224,3.62799 44.201889,3.628206 44.201835,3.628665 44.201835,3.629259 44.2017,3.631554 44.20035,3.631851 44.199999,3.632769 44.198541,3.632823 44.198298,3.632823 44.197812,3.632931 44.197407,3.632931 44.197245,3.633174 44.196732,3.633201 44.196624,3.633147 44.196543,3.633471 44.196381,3.633768 44.196111,3.633795 44.195841,3.633741 44.195463,3.633984 44.195382,3.63366 44.195355,3.633255 44.195166,3.632796 44.194788,3.632553 44.194653,3.632202 44.19414,3.632148 44.193573,3.631986 44.193168,3.631986 44.193033,3.632256 44.191872,3.632283 44.192331,3.632364 44.192412,3.632391 44.19252,3.632391 44.192817,3.632472 44.193222,3.632958 44.193735,3.633444 44.194005,3.633957 44.19414,3.634983 44.194302,3.635226 44.194302,3.635496 44.194383,3.635577 44.194491,3.635604 44.194626,3.635766 44.194815,3.635793 44.195166,3.635955 44.195355,3.63609 44.195409,3.63609 44.195571,3.636144 44.195652,3.636441 44.195679,3.636981 44.195814,3.637656 44.196111,3.637953 44.1963,3.63825 44.196381,3.639195 44.196354,3.639708 44.196138,3.640626 44.195922,3.642948 44.195814,3.64392 44.195868,3.644352 44.195787,3.644568 44.195598,3.645027 44.195058,3.645135 44.195031,3.645216 44.194761,3.645324 44.194599,3.645513 44.194572,3.645945 44.194761,3.646053 44.194761,3.646647 44.194491,3.646998 44.194383,3.647376 44.194113,3.647565 44.194059,3.647727 44.194086,3.647862 44.194437,3.647997 44.194491,3.647997 44.194572,3.648105 44.19468,3.648753 44.194842,3.649644 44.195139,3.649995 44.195328,3.650886 44.19549,3.651129 44.195571,3.651264 44.195706,3.651264 44.195868,3.651156 44.196003,3.651183 44.196111,3.651156 44.196273,3.651723 44.196192,3.651912 44.196057,3.652047 44.195922,3.652128 44.19576,3.65256 44.195382,3.652857 44.195436,3.653262 44.195436,3.653316 44.195409,3.653532 44.195382,3.653559 44.195355,3.653559 44.195517,3.653991 44.19549,3.65391 44.195382,3.653883 44.195166)",Parking sous la mairie,,2019-02-18,2019-03-20,"[{""url"" : ""paperclip/trekking_trek/43197/montee-sur-bezuc_nthomas.JPG"", ""titre"" : ""Montée sur Bézuc"", ""auteur"" : ""nathalie.thomas"", ""licence"" : ""licence""}, {""url"" : ""paperclip/trekking_trek/43197/four_a_chaux_nthomas.JPG"", ""titre"" : ""Four à chaux"", ""auteur"" : ""nathalie.thomas"", ""licence"" : ""licence""}, {""url"" : ""paperclip/trekking_trek/43197/plateau-de-la-can_nthomas.JPG"", ""titre"" : ""Plateau de La Can"", ""auteur"" : ""nathalie.thomas"", ""licence"" : ""licence""}]",,
38479,"{""nom"" : ""PNC"", ""contact"" : ""contact@cevennes-parcnational.fr""}","[{""nom"" : ""CC Gorges Causses Cévennes"", ""contact"" : ""https://www.gorgescaussescevennes.fr/""}]",,,La vallée du Tarn (à VTT),VTT,aller-retour,"[{""nom"" : ""Florac"", ""code_INSEE"" : ""48061""}, {""nom"" : ""Bédouès"", ""code_INSEE"" : ""48022""}, {""nom"" : ""Cocurès"", ""code_INSEE"" : ""48050""}]","Bédouès, salle des fêtes","Bédouès, salle des fêtes",1.0,"[""VTT""]",9.3,vert,586,551,217,-217,"<p>Id&eacute;al pour faire un petit tour de v&eacute;lo en famille et se baigner dans le Tarn, cette petite balade permet de d&eacute;couvrir le village de B&eacute;dou&egrave;s et ses environs.</p>","<p>Longeant le Tarn, ce parcours emprunte une portion du chemin de R.L Stevenson. L'&eacute;crivain &eacute;cossais, lors de son p&eacute;riple avec son &acirc;nesse Modestine, a travers&eacute; les C&eacute;vennes en 1878. Un si&egrave;cle a pass&eacute;, c'est au tour du promeneur de d&eacute;couvrir les paysages qui ont inspir&eacute; son r&eacute;cit.</p>","<p>Parcours VTT n&deg;9. En sortant du parking, prendre &agrave; droite en direction de La Baume. Avant La Baume, prendre le chemin qui longe le cours d'eau (GR70) pour arriver au lotissement d'Azini&egrave;res. Le retour se fait par le m&ecirc;me itin&eacute;raire. &Agrave; B&eacute;dou&egrave;s, le circuit fait le tour du village, puis prendre la direction de Pont&egrave;se pour rejoindre une piste en amont du Tarn (all&eacute;e / retour).</p>","[""Histoire et culture"", ""Agriculture et élevage"", ""Architecture et village""]","<p>Le port du casque est vivement recommand&eacute;. Itin&eacute;raire caillouteux. <br />Attention, le chemin est &eacute;galement emprunt&eacute; par des &acirc;nes.</p>",,"<p>&Agrave; 3 km de Florac, prendre la direction du Pont-de-Montvert par la D 998 jusqu'&agrave; B&eacute;dou&egrave;s&nbsp;</p>",,"LINESTRING(3.604743 44.34372,3.604581 44.343639,3.604122 44.343558,3.603609 44.343423,3.603582 44.343396,3.602826 44.343234,3.602664 44.343207,3.602556 44.343207,3.602448 44.343207,3.602313 44.343207,3.602124 44.343234,3.602097 44.343666,3.601611 44.34372,3.60126 44.344098,3.601233 44.344233,3.601206 44.344719,3.601233 44.344854,3.601179 44.344989,3.60099 44.344962,3.600639 44.344854,3.600261 44.344773,3.59991 44.344719,3.599775 44.344692,3.599667 44.344665,3.599451 44.344611,3.599316 44.344611,3.599127 44.344611,3.598614 44.344692,3.598182 44.344773,3.598074 44.344773,3.597858 44.344773,3.597642 44.344773,3.597561 44.344773,3.597075 44.344746,3.596373 44.344611,3.596265 44.344611,3.595995 44.344638,3.595914 44.344665,3.595104 44.3448,3.594321 44.344989,3.593727 44.345151,3.593214 44.345259,3.59208 44.345664,3.591918 44.345772,3.59154 44.34615,3.591405 44.34642,3.591459 44.346501,3.590676 44.346447,3.589974 44.346123,3.589326 44.346015,3.589272 44.345907,3.589272 44.345691,3.589002 44.344908,3.588975 44.344314,3.588597 44.343774,3.58857 44.343369,3.588894 44.342829,3.589191 44.341965,3.589785 44.341128,3.589839 44.340669,3.589812 44.340615,3.589785 44.340561,3.589758 44.340507,3.589704 44.340372,3.58965 44.340345,3.589623 44.340237,3.589461 44.340075,3.589758 44.339967,3.590055 44.340075,3.590217 44.340021,3.590757 44.339508,3.590784 44.339292,3.590838 44.339211,3.590946 44.339157,3.591324 44.339211,3.591459 44.339157,3.591648 44.339238,3.591918 44.339454,3.591945 44.339562,3.591243 44.339859,3.59073 44.340399,3.590595 44.340372,3.590217 44.340453,3.589812 44.340615,3.589839 44.340669,3.589839 44.340885,3.589785 44.341128,3.589191 44.341965,3.588894 44.342829,3.58857 44.343369,3.588597 44.343774,3.588975 44.344314,3.589002 44.344908,3.589272 44.345691,3.589272 44.345907,3.589326 44.346015,3.589974 44.346123,3.590676 44.346447,3.591459 44.346501,3.591405 44.34642,3.591432 44.346312,3.59154 44.34615,3.591918 44.345772,3.59208 44.345664,3.593214 44.345259,3.593727 44.345151,3.595104 44.3448,3.595995 44.344638,3.596373 44.344611,3.597075 44.344746,3.598182 44.344773,3.599127 44.344611,3.599316 44.344611,3.599451 44.344611,3.599775 44.344692,3.600261 44.344773,3.600639 44.344854,3.601179 44.344989,3.601233 44.344854,3.601206 44.344719,3.60126 44.344098,3.601611 44.34372,3.602097 44.343666,3.602124 44.343234,3.602664 44.343207,3.603609 44.343423,3.604068 44.341263,3.604068 44.341101,3.604014 44.341047,3.604365 44.341128,3.605904 44.341317,3.60666 44.341857,3.607227 44.342073,3.607416 44.342343,3.607497 44.342397,3.607686 44.342586,3.607848 44.342748,3.608091 44.342937,3.608145 44.343018,3.608253 44.343099,3.608496 44.343369,3.60855 44.34345,3.608604 44.343774,3.60855 44.34399,3.608523 44.344071,3.60855 44.344179,3.608631 44.344233,3.609846 44.344125,3.610197 44.344044,3.610359 44.343936,3.610521 44.343909,3.610683 44.343774,3.610764 44.34372,3.611844 44.343369,3.613356 44.343261,3.613653 44.343261,3.614247 44.343315,3.61476 44.343423,3.615354 44.343477,3.615543 44.343504,3.615759 44.343558,3.616029 44.343666,3.616542 44.343909,3.616812 44.34399,3.616947 44.34399,3.617001 44.34399,3.617136 44.344017,3.61719 44.34399,3.617406 44.343909,3.617595 44.343882,3.617973 44.344098,3.618405 44.34426,3.619485 44.3448,3.619782 44.344989,3.620349 44.345259,3.621726 44.345637,3.621915 44.345718,3.622374 44.345799,3.622455 44.345772,3.622833 44.345826,3.623103 44.345907,3.6234 44.345961,3.623697 44.34588,3.62394 44.345745,3.624048 44.345718,3.624156 44.345691,3.624507 44.345664,3.624723 44.345718,3.625263 44.345691,3.625452 44.345637,3.626046 44.345286,3.626613 44.345259,3.626046 44.345286,3.625452 44.345637,3.625263 44.345691,3.624993 44.345718,3.624723 44.345718,3.624507 44.345664,3.624156 44.345691,3.624048 44.345718,3.62394 44.345745,3.623697 44.34588,3.6234 44.345961,3.622833 44.345826,3.622455 44.345772,3.622374 44.345799,3.621915 44.345718,3.620349 44.345259,3.619782 44.344989,3.619485 44.3448,3.618405 44.34426,3.617973 44.344098,3.617595 44.343882,3.617406 44.343909,3.617136 44.344017,3.616812 44.34399,3.616542 44.343909,3.615759 44.343558,3.615543 44.343504,3.61476 44.343423,3.614247 44.343315,3.613653 44.343261,3.611844 44.343369,3.610764 44.34372,3.610521 44.343909,3.610359 44.343936,3.610197 44.344044,3.609846 44.344125,3.608631 44.344233,3.60855 44.344179,3.608523 44.344071,3.608604 44.343774,3.60855 44.34345,3.608496 44.343369,3.608145 44.343018,3.608091 44.342937,3.607848 44.342748,3.607443 44.34237,3.607254 44.342613,3.606822 44.342964,3.60666 44.343315,3.606471 44.343558,3.606201 44.34372,3.605688 44.343855,3.605472 44.344044,3.60477 44.34372)",Salle des fêtes de Bédouès,,2015-11-10,2016-07-12,"[{""url"" : ""paperclip/trekking_trek/38479/09_collegiale_nt_1.JPG"", ""titre"" : ""La collégiale"", ""auteur"" : ""© Nathalie Thomas"", ""licence"" : ""licence""}, {""url"" : ""paperclip/trekking_trek/38479/09_bedoues_patrimoine_nt_1.JPG"", ""titre"" : ""Petit patrimoine de Bédouès"", ""auteur"" : ""© Nathalie Thomas"", ""licence"" : ""licence""}, {""url"" : ""paperclip/trekking_trek/38479/09_bedoues_nt_1.JPG"", ""titre"" : ""Vue sur Bédouès"", ""auteur"" : ""© Nathalie Thomas"", ""licence"" : ""licence""}]",,
43927,"{""nom"" : ""PNC"", ""contact"" : ""contact@cevennes-parcnational.fr""}","[{""nom"" : ""CC Causses Aigoual Cévennes Terres Solidaires"", ""contact"" : ""http://www.caussesaigoualcevennes.fr/""}, {""nom"" : ""Pôle Nature Aigoual"", ""contact"" : """"}]",,,"Circuit VTT n°15, Forêt de l'Aigoual",VTT,boucle,"[{""nom"" : ""Dourbies"", ""code_INSEE"" : ""30105""}, {""nom"" : ""Saint-Sauveur-Camprieu"", ""code_INSEE"" : ""30297""}, {""nom"" : ""Valleraugue"", ""code_INSEE"" : ""30339""}, {""nom"" : ""Meyrueis"", ""code_INSEE"" : ""48096""}]",Prat Peyrot,Prat Peyrot,2.3,"[""VTT""]",18.0,noir,1413,1101,453,-453,"Un bel itin&eacute;raire m&ecirc;lant descentes, sentiers monotraces et pistes foresti&egrave;res. Un programme complet dans les belles ambiances des for&ecirc;ts du massif de l&rsquo;Aigoual autour de la ligne de partage des eaux et de la Maison de l&rsquo;Aigoual.","Un bel itin&eacute;raire m&ecirc;lant descentes, sentiers monotraces et pistes foresti&egrave;res. Un programme complet dans les belles ambiances des for&ecirc;ts du massif de l&rsquo;Aigoual autour de la ligne de partage des eaux et de la Maison de l&rsquo;Aigoual.","Le long de l'itin&eacute;raire, des poteaux directionnels vous guident. Les lieux-dits et/ou les directions &agrave; suivre sont indiqu&eacute;(e)s en italique gras et entre guillemets dans le descriptif ci-dessous.<br /><br />Au d&eacute;part de la<em><strong> ""Station de Prat Peyrot""</strong></em> rejoindre le<strong><em> ""Col de la Serreyr&egrave;de""</em></strong> par<strong><em> ""Le Fangas"".</em></strong><br />1.&nbsp;&nbsp; &nbsp;Au col, descendre &agrave; droite sur la route apr&egrave;s la <strong><em>maison de l'Aigoual</em> </strong>sur quelques m&egrave;tres et tourner &agrave; droite, direction <strong><em>""Plan du Ch&acirc;taignier""</em></strong> par<strong><em> ""Sous St Flour""</em></strong><br />2.&nbsp;&nbsp; &nbsp;Au<strong><em>""Plan du Ch&acirc;taignier""</em></strong> prendre &agrave; droite au bout du parking, direction <strong><em>""Le plan d'eau""</em></strong>, et continuer sur la route, direction <strong><em>""Route du Devois"" , ""Le Cros"".</em></strong><br />3.&nbsp;&nbsp; &nbsp;Partir ensuite vers<strong><em> &laquo; Maison du bois &raquo;</em></strong> par <em><strong>""Tabarde""</strong></em> , puis suivre <em><strong>&laquo; Tailladette &raquo;</strong></em>, <strong><em>""Taillade"", ""Bois de l'Agre""</em></strong> pour rejoindre le <em><strong>""Col de Faubel"".</strong></em><br />4.&nbsp;&nbsp; &nbsp;Au <em><strong>&laquo; Col de Faubel &raquo;</strong></em>, traverser la route, suivre la piste, direction<strong><em> ""La P&eacute;pini&egrave;re""</em></strong>, et prendre &agrave; droite, direction <strong><em>""Col de l'Esp&eacute;rou""</em></strong> par <em><strong>""Montla</strong><strong>u</strong><strong>"".</strong></em><br />5.&nbsp;&nbsp; &nbsp;Au <strong><em>"" Col de l&rsquo;Esp&eacute;rou""</em></strong>, direction<strong><em> ""Col de la Serreyr&egrave;de""</em></strong> par<strong><em> ""Le Trevezel""</em></strong>.<br />6.&nbsp;&nbsp; &nbsp;Au <strong><em>""</em></strong><strong><em> Col de la Serreyr&egrave;de&nbsp;<strong><em>""</em></strong></em></strong>, remonter &agrave;<strong><em>&nbsp;<strong><em><strong><em>""</em></strong></em></strong></em> <em>Station de Prat Peyrot&nbsp;<strong><em><strong><em>""</em></strong></em></strong></em></strong> par<strong><em>&nbsp;<strong><em><strong><em>""</em></strong></em></strong> Le Fangas <strong><em><strong><em>""</em></strong></em></strong>,</em></strong> ancienne draille.<br /><br />Balade extraite du cartoguide Massif de l&rsquo;Aigoual, r&eacute;alis&eacute; par la communaut&eacute; de communes Causses Aigoual C&eacute;vennes Terres solidaires, dans le cadre de la Collection Espaces Naturels Gardois et du label Gard Pleine","[""Forêt"", ""Agriculture et élevage"", ""Architecture et village"", ""Eau et géologie""]","Avant de vous engager sur un circuit, v&eacute;rifiez qu'il est adapt&eacute; &agrave; votre activit&eacute; et &agrave; votre niveau. Le port du casque est obligatoire et les &eacute;quipements de protection conseill&eacute;s. Respecter les autres usagers, contr&ocirc;ler votre vitesse et votre trajectoire. Attention, l'itin&eacute;raire est aussi un circuit &eacute;questre. Adaptez votre &eacute;quipement aux conditions m&eacute;t&eacute;o du jour. N'oubliez pas que le temps change vite en montagne. Pensez &agrave; emporter de l'eau en quantit&eacute; suffisante. Refermez les cl&ocirc;tures et les portillons. Le hors piste est interdit.<br />Attention aux patous au sommet de l&rsquo;Aigoual : suivez bien les consignes et adoptez les comportements conseill&eacute;s.<br /><br />",,"Au d&eacute;part de Meyrueis ou de l'Esp&eacute;rou, prendre la D986 direction St Sauveur-Camprieu, puis col de la Serreyr&egrave;de. Au col de la Serreyr&egrave;de, prendre &agrave; gauche direction mont Aigoual par la D 269. Se garer sur parking &agrave; Prat-Peyrot","liO est le Service Public Occitanie Transports de la R&eacute;gion Occitanie/ Pyr&eacute;n&eacute;es - M&eacute;diterran&eacute;e. Il permet &agrave; chacun de se d&eacute;placer facilement en privil&eacute;giant les transports en commun. Pour tout savoir, contacter le 08 10 33 42 73 ou se rendre sur www.laregion.fr<br /><br /><br />","LINESTRING(3.551742 44.11665,3.551607 44.116623,3.551445 44.116515,3.551364 44.116569,3.55131 44.116569,3.551202 44.116569,3.550986 44.116569,3.550203 44.116515,3.549906 44.116434,3.549852 44.116434,3.549663 44.116326,3.549582 44.116164,3.549474 44.116083,3.548529 44.115516,3.547719 44.114895,3.547125 44.114679,3.546153 44.11449,3.546072 44.114436,3.546018 44.114382,3.545775 44.114004,3.545667 44.11368,3.54564 44.113626,3.545478 44.113437,3.545289 44.113275,3.545289 44.113248,3.545289 44.113194,3.54537 44.113113,3.545424 44.113005,3.545532 44.112708,3.545586 44.112087,3.545532 44.111736,3.545451 44.111385,3.54537 44.111196,3.545235 44.110818,3.544911 44.110467,3.543966 44.109873,3.543588 44.109495,3.543507 44.109333,3.54348 44.109279,3.54348 44.109198,3.54348 44.109171,3.54348 44.109063,3.54348 44.109009,3.543507 44.108901,3.543453 44.108847,3.543372 44.108793,3.543345 44.108739,3.543237 44.108604,3.543237 44.10855,3.543237 44.108496,3.543237 44.108442,3.543129 44.10828,3.543102 44.108145,3.542859 44.107848,3.542724 44.107632,3.542562 44.107308,3.542346 44.106795,3.542211 44.106282,3.54213 44.106039,3.542157 44.105985,3.54213 44.105769,3.542022 44.105445,3.541941 44.105094,3.541887 44.10504,3.54186 44.104959,3.541725 44.10477,3.541671 44.104635,3.541644 44.104473,3.54132 44.10369,3.541158 44.103501,3.541158 44.103474,3.541158 44.103447,3.541158 44.103393,3.541158 44.103366,3.541077 44.103339,3.541023 44.103177,3.541023 44.103123,3.541023 44.103069,3.541023 44.103015,3.54051 44.102961,3.540078 44.103123,3.539835 44.10315,3.538107 44.102907,3.535407 44.102853,3.532167 44.103177,3.53133 44.103015,3.530439 44.103312,3.529683 44.103474,3.529305 44.103474,3.528171 44.103366,3.527739 44.103177,3.527469 44.103204,3.527145 44.10315,3.526902 44.103042,3.526254 44.102259,3.525606 44.101908,3.524904 44.1018,3.52431 44.102016,3.523743 44.102313,3.522636 44.102799,3.52188 44.103366,3.521664 44.103474,3.520881 44.103744,3.520179 44.103852,3.520071 44.103717,3.519963 44.103663,3.519828 44.103663,3.519423 44.103852,3.517641 44.103879,3.517587 44.103906,3.517236 44.104554,3.516993 44.104743,3.516183 44.104851,3.514968 44.10477,3.514023 44.10504,3.513267 44.105499,3.512943 44.105634,3.512565 44.105715,3.511458 44.105823,3.510999 44.105769,3.510648 44.105661,3.510405 44.105499,3.510027 44.105445,3.509109 44.105418,3.508812 44.105364,3.508488 44.105229,3.508326 44.105067,3.507705 44.106093,3.506949 44.10666,3.506679 44.106822,3.506247 44.106984,3.505788 44.107389,3.50541 44.107659,3.505032 44.107848,3.503952 44.108145,3.502278 44.108766,3.501927 44.109009,3.501684 44.109117,3.501252 44.109225,3.500847 44.109414,3.499902 44.110089,3.497553 44.111223,3.496392 44.111844,3.496176 44.112168,3.495879 44.112492,3.495042 44.113086,3.494907 44.113248,3.494583 44.113491,3.493962 44.113734,3.492342 44.114031,3.491694 44.114274,3.49056 44.114409,3.490155 44.114544,3.489642 44.11449,3.488994 44.11449,3.484431 44.114004,3.484188 44.114139,3.484053 44.114139,3.483648 44.113815,3.480597 44.113194,3.480165 44.113194,3.47976 44.113059,3.479976 44.112681,3.480192 44.112519,3.481623 44.111871,3.481677 44.111628,3.481812 44.11152,3.482028 44.111061,3.482136 44.110251,3.483081 44.108982,3.483027 44.108631,3.482892 44.108361,3.483891 44.108388,3.484134 44.108469,3.484188 44.108388,3.484161 44.108199,3.48408 44.108091,3.484296 44.107902,3.484701 44.10774,3.485106 44.107308,3.485268 44.106903,3.485295 44.106552,3.48516 44.105985,3.485322 44.105445,3.485484 44.10531,3.486051 44.104554,3.486321 44.104284,3.48678 44.104311,3.488076 44.104743,3.488562 44.104743,3.489318 44.104824,3.489804 44.104824,3.490074 44.104743,3.490209 44.104608,3.490236 44.104419,3.490344 44.104365,3.490965 44.104392,3.49164 44.104662,3.492018 44.104662,3.492369 44.104446,3.492558 44.104446,3.492855 44.104554,3.494772 44.104824,3.495393 44.104662,3.495906 44.104365,3.496419 44.103906,3.496554 44.103663,3.497121 44.103123,3.497148 44.103042,3.49758 44.10261,3.497715 44.102529,3.497877 44.102556,3.498147 44.102907,3.498363 44.102907,3.499254 44.103123,3.499551 44.103123,3.499821 44.103069,3.500091 44.102961,3.501711 44.10261,3.502359 44.102232,3.502845 44.101287,3.503466 44.100612,3.504195 44.100045,3.504627 44.099829,3.504843 44.099667,3.505518 44.099343,3.505977 44.099343,3.506193 44.099289,3.507057 44.098857,3.507219 44.098722,3.507894 44.098344,3.508218 44.098074,3.508704 44.097534,3.508785 44.097372,3.508839 44.097102,3.508785 44.096319,3.508812 44.096076,3.508947 44.096022,3.509298 44.09613,3.509514 44.09613,3.509784 44.096049,3.510108 44.09586,3.510297 44.095671,3.510405 44.095482,3.51162 44.094807,3.512214 44.094348,3.512565 44.093943,3.513024 44.093241,3.513186 44.093106,3.513537 44.092944,3.513753 44.092917,3.513969 44.092809,3.514293 44.092566,3.514482 44.09235,3.514563 44.092134,3.514536 44.091783,3.51459 44.091675,3.515697 44.091432,3.51621 44.091216,3.516453 44.091054,3.517155 44.090406,3.517398 44.090244,3.517587 44.089947,3.517884 44.089704,3.518235 44.089461,3.518991 44.089137,3.51918 44.089029,3.51945 44.088786,3.519639 44.088705,3.519747 44.088732,3.519855 44.090244,3.519801 44.091081,3.519882 44.09127,3.520017 44.091405,3.520584 44.091675,3.521313 44.091918,3.522258 44.091999,3.522852 44.091972,3.522987 44.092107,3.523203 44.092701,3.523257 44.093025,3.523338 44.093106,3.523473 44.093457,3.523689 44.093619,3.523824 44.093592,3.524013 44.093457,3.524418 44.092944,3.52458 44.092836,3.524742 44.092836,3.525498 44.093052,3.525714 44.09316,3.526065 44.093457,3.526254 44.093565,3.526794 44.093673,3.527091 44.093781,3.527739 44.094132,3.528171 44.09451,3.528657 44.094699,3.528792 44.094699,3.529143 44.094564,3.529386 44.094348,3.529575 44.09397,3.529683 44.093295,3.52998 44.092566,3.530142 44.092377,3.530277 44.092377,3.531492 44.093187,3.532032 44.093646,3.532356 44.093808,3.53268 44.093862,3.533949 44.093565,3.534084 44.093403,3.534192 44.093349,3.534435 44.093376,3.534543 44.093592,3.535569 44.094213,3.536055 44.094564,3.536973 44.095104,3.537486 44.095212,3.537972 44.095752,3.538161 44.095887,3.539268 44.096427,3.539565 44.096616,3.539781 44.096832,3.540078 44.09748,3.540159 44.097561,3.53997 44.097939,3.53997 44.099073,3.540159 44.099829,3.540402 44.100072,3.539781 44.100342,3.538998 44.100477,3.538134 44.101476,3.538512 44.101746,3.541023 44.103015,3.541077 44.103339,3.541158 44.103366,3.541158 44.103393,3.541158 44.103447,3.541158 44.103474,3.541158 44.103501,3.54132 44.10369,3.541644 44.104473,3.541725 44.10477,3.541887 44.10504,3.541941 44.105094,3.54213 44.105769,3.542157 44.105985,3.54213 44.106039,3.542346 44.106795,3.542724 44.107632,3.543102 44.108145,3.543129 44.10828,3.543237 44.108442,3.543237 44.108496,3.543237 44.10855,3.543237 44.108604,3.543372 44.108793,3.543507 44.108901,3.54348 44.109279,3.543588 44.109495,3.543966 44.109873,3.544911 44.110467,3.545154 44.11071,3.545235 44.110818,3.545316 44.111007,3.545451 44.111385,3.545532 44.111736,3.545586 44.112087,3.545586 44.112384,3.545532 44.112708,3.545478 44.112897,3.545424 44.113005,3.54537 44.113113,3.545289 44.113194,3.545289 44.113248,3.545289 44.113275,3.54564 44.113626,3.545775 44.114004,3.546072 44.114436,3.546153 44.11449,3.547125 44.114679,3.547719 44.114895,3.548529 44.115516,3.549474 44.116083,3.549582 44.116164,3.549663 44.116326,3.549852 44.116434,3.550203 44.116515,3.550986 44.116569,3.551202 44.116569,3.55131 44.116569,3.551364 44.116569,3.551445 44.116515,3.551607 44.116623,3.551715 44.116623)",Station de Prat Peyrot,,2019-05-16,2020-05-15,"[{""url"" : ""paperclip/trekking_trek/43927/ruisseau-du-trevezel-2-pnc.jpg"", ""titre"" : ""le ruisseau du Trévezel"", ""auteur"" : ""Véronique Grignola"", ""licence"" : ""licence""}, {""url"" : ""paperclip/trekking_trek/43927/chemin-du-trevezl-pnc.jpg"", ""titre"" : ""Chemin du Trévezel"", ""auteur"" : ""Véronique Grignola"", ""licence"" : ""licence""}, {""url"" : ""paperclip/trekking_trek/43927/le-trevezel-sous-la-maison-du-bois-pnc.jpg"", ""titre"" : ""Le Trévezel"", ""auteur"" : ""Béatrice Galzin"", ""licence"" : ""licence""}, {""url"" : ""paperclip/trekking_trek/43927/maison-du-bois-pnc.JPG"", ""titre"" : ""Maison du Bois"", ""auteur"" : ""Béatrice Galzin"", ""licence"" : ""licence""}, {""url"" : ""paperclip/trekking_trek/43927/lac-du-bonheur-2-pnc.JPG"", ""titre"" : ""le lac du Bonheur"", ""auteur"" : ""Béatrice Galzin"", ""licence"" : ""licence""}]",,
38229,"{""nom"" : ""PNC"", ""contact"" : ""contact@cevennes-parcnational.fr""}","[{""nom"" : ""Parc national des Cévennes"", ""contact"" : ""http://www.cevennes-parcnational.fr/""}]",,,La cham de l'Hermet,pedestre,boucle,"[{""nom"" : ""Le Pont-de-Montvert"", ""code_INSEE"" : ""48116""}]",Tour de l'horloge,Tour de l'horloge,3.0,"[""Interprétation""]",8.1,T1,1108,876,356,-356,"<p>Ce sentier, qui traverse des paysages tr&egrave;s diversifi&eacute;s, permet de comprendre la complexit&eacute; des interactions entre l&rsquo;homme et la nature.</p>","<p>La cham de l'Hermet, sur le versant nord du Boug&egrave;s, permet de d&eacute;couvrir les paysages diversifi&eacute;s de la vall&eacute;e du Tarn, en passant par le plateau de l&rsquo;Hermet o&ugrave; se niche le beau hameau en granite du m&ecirc;me nom. La descente vers le Pont-de-Montvert offre un magnifique panorama sur l&rsquo;ensemble de la cha&icirc;ne du mont Loz&egrave;re o&ugrave; culmine le pic de Finiels, &agrave; 1 699 m.</p>","<p>D&eacute;part depuis la Tour de l'horloge, traverser le pont sur le Tarn et prendre &agrave; droite.</p>","[""Agriculture et élevage"", ""Architecture et village"", ""Eau et géologie""]",,,"<p>Le Pont-de-Montvert, par la D 998 depuis Florac</p>","<p>Ligne 7, arr&ecirc;t Pont-de-Montvert</p>","LINESTRING(3.74328 44.36289,3.742983 44.362971,3.742848 44.363052,3.742308 44.363106,3.740337 44.363727,3.739878 44.363754,3.739446 44.363835,3.738906 44.363835,3.738042 44.364051,3.737961 44.363997,3.737961 44.363889,3.738096 44.363268,3.738501 44.362242,3.738501 44.361594,3.73842 44.361486,3.738123 44.361297,3.737988 44.361162,3.737853 44.360811,3.737745 44.360676,3.737556 44.360541,3.737529 44.360379,3.737286 44.360217,3.737286 44.360109,3.737178 44.359974,3.736719 44.359731,3.736341 44.359677,3.73626 44.359623,3.736152 44.35938,3.735828 44.359218,3.735342 44.358894,3.735126 44.358813,3.733587 44.359029,3.733398 44.359029,3.733047 44.35884,3.732939 44.35884,3.732615 44.358894,3.732345 44.359002,3.732291 44.359191,3.732129 44.359272,3.732021 44.359299,3.731724 44.359272,3.731292 44.359056,3.730698 44.358894,3.730563 44.358786,3.730536 44.358489,3.730617 44.3583,3.73059 44.358165,3.730158 44.357436,3.730077 44.357382,3.729888 44.357355,3.728943 44.357436,3.728403 44.357301,3.72762 44.35695,3.726648 44.356599,3.726324 44.356518,3.725541 44.356518,3.725379 44.356356,3.725325 44.356167,3.725676 44.355357,3.725703 44.35506,3.725649 44.354655,3.72546 44.354304,3.725028 44.354034,3.724893 44.353791,3.724893 44.353575,3.724839 44.353467,3.724677 44.353386,3.724272 44.353386,3.723948 44.35344,3.723246 44.353251,3.722544 44.353278,3.722382 44.353197,3.722247 44.353035,3.722085 44.353008,3.722031 44.352954,3.722031 44.352873,3.722112 44.352792,3.722652 44.352684,3.722895 44.352576,3.723057 44.35236,3.723543 44.35209,3.724272 44.351496,3.724866 44.351145,3.725433 44.350578,3.726027 44.350119,3.726378 44.350335,3.727323 44.350605,3.727539 44.350578,3.727728 44.350443,3.72789 44.350497,3.728214 44.35047,3.72843 44.3502,3.728457 44.349903,3.7287 44.349336,3.728646 44.349282,3.728646 44.349147,3.728754 44.348958,3.728808 44.348715,3.728673 44.348553,3.728187 44.348445,3.729375 44.347635,3.729726 44.3475,3.730266 44.347176,3.730293 44.346933,3.730428 44.346771,3.731886 44.34588,3.732048 44.345718,3.732183 44.345313,3.732561 44.344935,3.733776 44.344395,3.734397 44.344449,3.734802 44.344314,3.735045 44.344287,3.735531 44.344098,3.735639 44.343936,3.735639 44.343828,3.735477 44.343612,3.735423 44.34345,3.735936 44.342694,3.735936 44.342532,3.735882 44.342397,3.735639 44.342046,3.73572 44.341803,3.736368 44.341965,3.736692 44.341965,3.736854 44.342019,3.737799 44.342748,3.737772 44.342991,3.73788 44.343288,3.73788 44.343558,3.737826 44.343801,3.737853 44.343909,3.737826 44.344287,3.737556 44.344773,3.737475 44.345178,3.737475 44.345475,3.737556 44.345664,3.737718 44.345853,3.737718 44.346204,3.737421 44.346609,3.73707 44.346879,3.736773 44.347203,3.736827 44.347392,3.736773 44.347608,3.736854 44.347905,3.736827 44.348553,3.737205 44.349255,3.737205 44.349471,3.737583 44.350011,3.73761 44.350173,3.738285 44.351037,3.738744 44.351469,3.738798 44.351577,3.739041 44.351766,3.739041 44.351847,3.739311 44.352144,3.739392 44.352441,3.739689 44.352846,3.739851 44.352981,3.740256 44.353818,3.740418 44.354034,3.740391 44.354169,3.740445 44.354358,3.740418 44.354763,3.74058 44.355195,3.740553 44.355411,3.74058 44.355681,3.740472 44.356005,3.740337 44.357058,3.740526 44.356842,3.74058 44.356842,3.74058 44.356977,3.740526 44.357382,3.740337 44.357679,3.740283 44.35803,3.740391 44.3583,3.740553 44.358435,3.740985 44.359164,3.741255 44.359434,3.741309 44.359542,3.741309 44.359785,3.741444 44.360136,3.741498 44.360433,3.741309 44.361027,3.740985 44.361729,3.741066 44.361783,3.741201 44.361648,3.741471 44.361513,3.741714 44.361459,3.742254 44.361189,3.742632 44.361081,3.742956 44.360838,3.742956 44.361,3.74301 44.361081,3.743172 44.360892,3.743307 44.360919,3.743361 44.361,3.743496 44.360973,3.743658 44.360892,3.743658 44.360784,3.743604 44.36073,3.743658 44.360703,3.74382 44.360865,3.743793 44.361189,3.74382 44.361324,3.743658 44.361756,3.743091 44.362134,3.742794 44.362404,3.742794 44.362458,3.742848 44.362458,3.743415 44.362242,3.743496 44.362269,3.743577 44.36235,3.743361 44.362512,3.743361 44.362566,3.743388 44.36262,3.74355 44.362674,3.743631 44.362782,3.74328 44.36289)",Parking du temple ou parking de l'église,POINT(3.74544 44.363835),2015-10-29,2018-08-08,"[{""url"" : ""paperclip/trekking_trek/38229/04540.jpg"", ""titre"" : ""La cham de l'Hermet (sentier de l'Hermet)"", ""auteur"" : ""© Michelle Sabatier"", ""licence"" : ""licence""}, {""url"" : ""paperclip/trekking_trek/38229/brig1369.JPG"", ""titre"" : ""La cham de l'Hermet"", ""auteur"" : ""© Brigitte Mathieu"", ""licence"" : ""licence""}]",,
38639,"{""nom"" : ""PNC"", ""contact"" : ""contact@cevennes-parcnational.fr""}","[{""nom"" : ""Parc national des Cévennes"", ""contact"" : ""http://www.cevennes-parcnational.fr/""}]",,,Les pradilhous de la Loubière,pedestre,boucle,"[{""nom"" : ""Chadenet"", ""code_INSEE"" : ""48037""}]",Parking,Parking,1.0,"[""Interprétation""]",1.4,T1,1091,1050,61,-62,"<p>La for&ecirc;t du vallon de la Loubi&egrave;re invite &agrave; d&eacute;couvrir sa diversit&eacute; resplendissante et &agrave; comprendre son histoire, lentement trac&eacute;e par la nature et les hommes.</p>","<p>&laquo; Dans l'air frais du petit matin, la for&ecirc;t s'&eacute;veille doucement aux chants des oiseaux. Sur le chemin, des traces de chevreuils t&eacute;moignent de leurs r&eacute;cents passages. L'air humide exhale des odeurs de terre et de citron, parfum si caract&eacute;ristique du sapin, quand, au d&eacute;tour du sentier, pos&eacute; sur un tronc, j'aper&ccedil;ois un pic noir ! Il tambourine ! Surpris par ma pr&eacute;sence, il s'envole dans le vallon de la Loubi&egrave;re... &raquo;<br /><br /><em>Sandrine Forge, Maison de l'Aigoual</em></p>",,"[""Forêt"", ""Eau et géologie""]","<p>&Agrave; la balise n&deg; 5, des panneaux permettent de reconna&icirc;tre les principales esp&egrave;ces d&rsquo;arbres. <br /><br />Les randonn&eacute;es &eacute;questre et &agrave; VTT ne sont pas autoris&eacute;es ou adapt&eacute;es sur les sentiers d'interpr&eacute;tation.&nbsp;</p>",,"<p>CD 41 depuis Lanu&eacute;jols, au col de la Loubi&egrave;re faire 1,7 km et prendre la piste &agrave; droite, faire environ 400 m pour arriver sur le parking. CD 41 depuis Bagnols-les-Bains, au lieu-dit Le Bouchet &ndash; l'Oustal Cr&eacute;mat prendre la piste &agrave; gauche</p>",,"LINESTRING(3.637872 44.495541,3.637791 44.49546,3.637143 44.495136,3.63663 44.495028,3.636333 44.495028,3.636198 44.495082,3.635334 44.495217,3.634551 44.495298,3.633876 44.495298,3.633741 44.495352,3.633525 44.495352,3.633444 44.495271,3.63366 44.494866,3.63366 44.494785,3.633741 44.494731,3.634794 44.494569,3.635388 44.494542,3.635658 44.494407,3.635739 44.494326,3.635766 44.494056,3.63555 44.493678,3.635334 44.493516,3.635442 44.493408,3.635874 44.493408,3.636252 44.493489,3.636711 44.493651,3.637062 44.493651,3.63717 44.493435,3.637521 44.493138,3.637845 44.49303,3.638034 44.493138,3.638196 44.493435,3.638763 44.494083,3.639114 44.494731,3.639195 44.494812,3.639546 44.494974,3.639141 44.495298,3.639006 44.495541,3.638736 44.495622,3.638547 44.49573,3.638412 44.495757,3.637872 44.495541)","Parking au bout de la piste, à 400 m de la route CD 41",,2015-11-17,2017-04-06,"[{""url"" : ""paperclip/trekking_trek/38639/pradilhous-1copie.jpg"", ""titre"" : ""Fôret sur le sentier des Pradilhous"", ""auteur"" : ""© Brigitte Mathieu"", ""licence"" : ""licence""}]",,
73354,"{""nom"" : ""PNC"", ""contact"" : ""contact@cevennes-parcnational.fr""}","[{""nom"" : ""CC Gorges Causses Cévennes"", ""contact"" : ""https://www.gorgescaussescevennes.fr/""}]",,,Puech d'Alluech,pedestre,boucle,"[{""nom"" : ""Mas-Saint-Chély"", ""code_INSEE"" : ""48141""}, {""nom"" : ""Sainte-Enimie"", ""code_INSEE"" : ""48146""}]",À 1 km de Mas St-Chély,À 1 km de Mas St-Chély,4.3,"[""Balisage peinture jaune""]",12.8,T1,1147,973,381,-381,"Ambiance caussenarde entre dolines et parcours &agrave; moutons en alternance avec des parties bois&eacute;es. Le &laquo;&nbsp;clou&nbsp;&raquo; de cette randonn&eacute;e reste l&rsquo;ascension du Puech d&rsquo;Alluech, sommet volcanique avec sa vue &agrave; 360&deg;.","Ambiance caussenarde entre dolines et parcours &agrave; moutons en alternance avec des parties bois&eacute;es. Le &laquo;&nbsp;clou&nbsp;&raquo; de cette randonn&eacute;e reste l&rsquo;ascension du Puech d&rsquo;Alluech, sommet volcanique avec sa vue &agrave; 360&deg;.","Depuis le parking, prendre la piste et au croisement des chemins, prendre &agrave; droite. La randonn&eacute;e d&eacute;bute sur le tour du causse M&eacute;jean (balisage jaune et rouge). Suivre le chemin sur cette partie vallonn&eacute;e jusqu&rsquo;au pied du Puech d&rsquo;Alluech.<br />1- Juste avant d&rsquo;arriver sur la route prendre &agrave; gauche le chemin qui grimpe vers le sommet du Puech d&rsquo;Alluech (aller-retour 2,6 km). Au retour, prendre la route &agrave; gauche sur 150 m, puis &agrave; gauche, le chemin qui coupe et rejoint la route jusqu&rsquo;au hameau de Chamblon.<br />2 &ndash;&Agrave; Chamblon, passer sous la bergerie, monter vers l&rsquo;habitation, continuer tout droit pour couper la route et prendre le sentier en face qui rejoint la route vers Prunets. <br />3 &ndash; &Agrave; Prunets, laisser le GR&reg;60 qui part &agrave; droite, pour prendre le chemin &agrave; gauche qui passe sous les maisons. La piste monte&nbsp;; en haut laisser le chemin sur la droite et redescendre vers le boisement. On contourne le Puech.<br />4 &ndash; Au croisement, continuer tout droit, et en arrivant vers le hameau de Cabri&egrave;res, on le contourne par la gauche en longeant une large cuvette.<br />5 &ndash; Apr&egrave;s le hameau Cabri&egrave;res, prendre la route sur la gauche qui monte sur 700 m.<br />6- Au croisement, prendre le chemin qui longe la ligne t&eacute;l&eacute;phonique pour revenir &agrave; votre point de d&eacute;part.","[""Faune et flore"", ""Forêt"", ""Histoire et culture""]","Un sentier accessible &agrave; tous, pas tr&egrave;s ombrag&eacute;. Plusieurs passages de cl&ocirc;tures (portails ou &eacute;chelle) : bien refermer. Les chiens sont d&eacute;conseill&eacute;s (troupeaux et chiens de protection). Adaptez votre &eacute;quipement aux conditions m&eacute;t&eacute;o du jour. N'oubliez pas que le temps change vite en montagne. Pensez &agrave; emporter de l'eau en quantit&eacute; suffisante, de bonnes chaussures et un chapeau. Bien refermer les cl&ocirc;tures et les portillons.",,"De Mas Saint-Ch&eacute;ly prendre la direction de Prunets, Chaldas, intersection de piste &agrave; 1 km, parking",,"LINESTRING(3.405834 44.313912,3.405942 44.31402,3.405996 44.314074,3.406077 44.314128,3.40632 44.314263,3.406401 44.314371,3.406428 44.314452,3.406428 44.314614,3.406428 44.314722,3.406401 44.314857,3.406293 44.315019,3.406455 44.315073,3.406833 44.315343,3.408075 44.315964,3.40902 44.316531,3.409344 44.316612,3.409884 44.316855,3.410451 44.316936,3.410802 44.317044,3.411234 44.317233,3.411801 44.317719,3.412638 44.319015,3.4128 44.319204,3.41334 44.319582,3.413637 44.31969,3.414069 44.319933,3.414258 44.320122,3.414393 44.320338,3.414987 44.320959,3.4155 44.321175,3.415689 44.32131,3.416472 44.321688,3.41712 44.322336,3.417336 44.322633,3.417876 44.3232,3.417849 44.323497,3.417876 44.323659,3.417984 44.323875,3.419091 44.325225,3.419118 44.325306,3.419064 44.325549,3.419118 44.325765,3.420306 44.327412,3.420468 44.327547,3.420603 44.327736,3.421467 44.328222,3.422169 44.328411,3.423168 44.3286,3.423708 44.328843,3.424626 44.328924,3.42495 44.329005,3.425139 44.329113,3.425787 44.329653,3.425949 44.329977,3.426273 44.330409,3.426354 44.330598,3.4263 44.330868,3.426327 44.331246,3.426192 44.331516,3.426192 44.331624,3.426246 44.331759,3.426948 44.332299,3.427191 44.332677,3.427326 44.332812,3.42738 44.33292,3.427434 44.333703,3.427191 44.333595,3.426408 44.333379,3.426003 44.333325,3.425625 44.333217,3.42549 44.333055,3.425409 44.332677,3.425301 44.332488,3.425166 44.332353,3.425031 44.332299,3.424653 44.332218,3.424437 44.332326,3.423978 44.332434,3.4236 44.332272,3.423168 44.332218,3.423033 44.332164,3.422655 44.331975,3.422547 44.331651,3.421899 44.331489,3.421818 44.331462,3.421737 44.331516,3.421737 44.331543,3.421737 44.331624,3.421899 44.331894,3.421926 44.332029,3.421899 44.332515,3.422007 44.333028,3.422061 44.333163,3.422115 44.333541,3.422169 44.333784,3.422061 44.333865,3.421926 44.333892,3.421575 44.333919,3.421359 44.333946,3.421332 44.333973,3.421413 44.334054,3.421494 44.334243,3.421521 44.334621,3.421521 44.334783,3.421521 44.334999,3.421548 44.335134,3.421413 44.335161,3.421035 44.334864,3.420738 44.334729,3.420576 44.334729,3.420387 44.334729,3.420036 44.334864,3.420063 44.334918,3.420198 44.334945,3.42036 44.335161,3.420414 44.335593,3.42036 44.335701,3.420252 44.335755,3.42036 44.335701,3.420414 44.335593,3.420414 44.335485,3.42036 44.335161,3.420306 44.335053,3.420198 44.334945,3.420063 44.334918,3.420036 44.334891,3.420036 44.334864,3.420117 44.33481,3.420387 44.334729,3.420576 44.334729,3.420738 44.334729,3.421035 44.334864,3.421413 44.335161,3.421548 44.335134,3.421521 44.334999,3.421494 44.334243,3.421413 44.334054,3.421332 44.333973,3.421359 44.333946,3.421926 44.333892,3.422061 44.333865,3.422169 44.333784,3.422061 44.333163,3.421899 44.332515,3.421926 44.332029,3.421899 44.331894,3.421737 44.331624,3.421737 44.331543,3.421737 44.331516,3.421818 44.331462,3.422547 44.331651,3.422655 44.331975,3.423033 44.332164,3.423168 44.332218,3.4236 44.332272,3.423978 44.332434,3.424437 44.332326,3.424653 44.332218,3.425031 44.332299,3.425166 44.332353,3.425301 44.332488,3.425409 44.332677,3.42549 44.333055,3.425625 44.333217,3.426003 44.333325,3.426408 44.333379,3.427191 44.333595,3.427353 44.333676,3.427569 44.333757,3.427299 44.334675,3.427353 44.334972,3.427191 44.335188,3.426948 44.335404,3.426759 44.335485,3.426975 44.335566,3.427569 44.335593,3.42765 44.335674,3.427731 44.33616,3.427677 44.336403,3.427677 44.336727,3.427758 44.338293,3.427839 44.33859,3.428055 44.339157,3.428217 44.339373,3.428568 44.339724,3.428919 44.339886,3.428622 44.33994,3.428811 44.340345,3.428784 44.340426,3.428676 44.340507,3.428298 44.340615,3.428055 44.34075,3.427002 44.341128,3.426921 44.341209,3.426894 44.341317,3.426921 44.341614,3.426597 44.341992,3.426543 44.342127,3.426516 44.342235,3.426597 44.342613,3.426543 44.343018,3.426543 44.343477,3.426489 44.343639,3.426489 44.344044,3.426732 44.344935,3.426759 44.345259,3.426651 44.345853,3.426597 44.346501,3.426408 44.346744,3.426192 44.346879,3.425922 44.346906,3.425517 44.346771,3.42495 44.346744,3.424437 44.346555,3.423384 44.346285,3.423114 44.346042,3.42306 44.345853,3.422871 44.345529,3.422547 44.345313,3.421872 44.345178,3.420792 44.344719,3.420171 44.344179,3.419712 44.343882,3.419442 44.343585,3.419253 44.343207,3.419199 44.34237,3.419118 44.342316,3.418713 44.342343,3.418254 44.342316,3.417714 44.342154,3.416958 44.341722,3.416607 44.341587,3.416499 44.341425,3.41658 44.340777,3.416526 44.340264,3.41658 44.340129,3.416553 44.340048,3.416445 44.339967,3.415689 44.339589,3.415203 44.3394,3.414636 44.339049,3.413691 44.338698,3.413124 44.338644,3.412557 44.338401,3.412233 44.338347,3.41199 44.338239,3.411774 44.337807,3.411666 44.337159,3.411693 44.337051,3.411855 44.336619,3.412314 44.335944,3.412314 44.335647,3.412395 44.335512,3.412665 44.335296,3.412908 44.335188,3.412908 44.33508,3.412665 44.334783,3.411531 44.33427,3.411423 44.334162,3.411288 44.333892,3.411288 44.333676,3.411072 44.333433,3.410748 44.332947,3.410343 44.332461,3.409776 44.332056,3.409479 44.331948,3.409101 44.331921,3.408372 44.332137,3.408183 44.33211,3.408102 44.332056,3.408021 44.331894,3.408048 44.331516,3.407967 44.331354,3.407589 44.331111,3.407022 44.330949,3.406671 44.330436,3.406428 44.330382,3.40578 44.330463,3.405348 44.330463,3.405105 44.330409,3.40443 44.330112,3.40416 44.330058,3.403782 44.330085,3.403269 44.33022,3.402918 44.330436,3.402189 44.330679,3.40173 44.33076,3.40146 44.330895,3.401379 44.330868,3.401325 44.330706,3.401028 44.330436,3.400758 44.329896,3.400245 44.329221,3.400056 44.328789,3.400056 44.328168,3.400002 44.327628,3.400029 44.326629,3.400191 44.326359,3.400704 44.325981,3.401568 44.325549,3.401946 44.325117,3.402027 44.324685,3.401919 44.324307,3.401784 44.324037,3.401865 44.323983,3.402081 44.32401,3.402189 44.323956,3.402324 44.323767,3.402891 44.323335,3.403107 44.32293,3.403674 44.322093,3.403755 44.321904,3.403917 44.321121,3.404376 44.320986,3.404241 44.320689,3.404268 44.320446,3.404457 44.320149,3.404754 44.318907,3.405807 44.316126,3.406104 44.315397,3.406293 44.315019,3.406401 44.314857,3.406428 44.314452,3.406401 44.314425,3.406401 44.314371,3.406374 44.314317,3.40632 44.314263,3.405996 44.314074,3.405834 44.313912)","A 1 km de Mas St-Chély sur la route de Prunets, Chaldas :, panneau de départ sur votre gauche à l’intersection des pistes.",,2020-03-05,2020-03-20,"[{""url"" : ""paperclip/trekking_trek/73354/03-paysage-chamblon_1.JPG"", ""titre"" : ""Paysage autour de Chamblon"", ""auteur"" : ""Nathalie Thomas"", ""licence"" : ""licence""}, {""url"" : ""paperclip/trekking_trek/73354/dscn4906.jpg"", ""titre"" : ""Le Puech d'Alluech"", ""auteur"" : ""© OTGCC nc"", ""licence"" : ""licence""}]",,
41482,"{""nom"" : ""PNC"", ""contact"" : ""contact@cevennes-parcnational.fr""}","[{""nom"" : ""CC Causses Aigoual Cévennes Terres Solidaires"", ""contact"" : ""http://www.caussesaigoualcevennes.fr/""}, {""nom"" : ""Pôle Nature Aigoual"", ""contact"" : """"}]",,,Col d'Elze,pedestre,boucle,"[{""nom"" : ""Valleraugue"", ""code_INSEE"" : ""30339""}]",Office du tourisme de Valleraugue,Office du tourisme de Valleraugue,2.0,"[""Balisage peinture jaune""]",3.8,T1,689,352,346,-345,"Une mont&eacute;e un peu sportive mais r&eacute;compens&eacute;e au col par un magnifique panorama sur la vall&eacute;e de l'H&eacute;rault, le pic de Barette, o&ugrave; se trouvent quelques beaux sp&eacute;cimen de ch&ecirc;nes verts.","Une mont&eacute;e un peu sportive mais r&eacute;compens&eacute;e au col par un magnifique panorama sur la vall&eacute;e de l'H&eacute;rault, le pic de Barette, o&ugrave; se trouvent quelques beaux sp&eacute;cimen de ch&ecirc;nes verts.","<p>Le long de l'itin&eacute;raire, des poteaux directionnels vous guident. Les lieux-dits et/ou les directions &agrave; suivre sont indiqu&eacute;(e)s en <strong><em>italique gras</em></strong> et entre guillemets dans le descriptif ci-dessous:</p>

<p>D&eacute;part de ""<em><strong>Valleraugue-Office de Tourisme</strong></em>"", prendre la direction ""<em><strong>Col d'Elze &ndash; Les Caralouzes</strong></em>"" puis direction ""<em><strong>Col d'Elze</strong></em>"" (GR62c). Au col d'Elze redescendre par le m&ecirc;me itin&eacute;raire jusqu'&agrave; ""<em><strong>Les Caralouzes</strong></em>"" puis prendre l'autre descente direction ""<em><strong>Valleraugue &ndash; Cagnel</strong></em>"", et retour ""<em><strong>Valleraugue-Office du tourisme</strong></em>"".</p>

<p>Balade extraite du cartoguide<strong> Massif de l&rsquo;Aigoual</strong>, r&eacute;alis&eacute; par la Communaut&eacute; de communes Causses Aigoual C&eacute;vennes dans le cadre de la Collection Espaces Naturels Gardois et du label Gard Pleine Nature.</p>","[""Faune et flore"", ""Histoire et culture""]","Adaptez votre &eacute;quipement aux conditions m&eacute;t&eacute;o du jour. N'oubliez pas que le temps change vite en montagne. Pensez &agrave; emporter de l'eau en quantit&eacute; suffisante, de bonnes chaussures et un chapeau. Bien refermer les cl&ocirc;tures et les portillons.",,Depuis le Pont de l'H&eacute;rault ou L'Esp&eacute;rou par la RD 986,"liO est le Service Public Occitanie Transports de la R&eacute;gion Occitanie/ Pyr&eacute;n&eacute;es - M&eacute;diterran&eacute;e. Il permet &agrave; chacun de se d&eacute;placer facilement en privil&eacute;giant les transports en commun. Pour tout savoir, contacter le 08 10 33 42 73 ou se rendre sur www.laregion.fr","LINESTRING(3.639627 44.080605,3.64014 44.080551,3.640113 44.080389,3.640437 44.080281,3.640896 44.080254,3.641247 44.080065,3.641679 44.080011,3.641976 44.079876,3.642084 44.079471,3.642057 44.07912,3.642246 44.078877,3.642111 44.078715,3.641706 44.078634,3.641031 44.07831,3.64068 44.078202,3.640464 44.078229,3.640329 44.078148,3.640302 44.077905,3.639897 44.077527,3.639735 44.077041,3.639303 44.076447,3.639303 44.076285,3.639492 44.076042,3.639546 44.075826,3.639465 44.07561,3.639249 44.075475,3.639006 44.075448,3.638763 44.075178,3.638682 44.074773,3.63879 44.074638,3.638871 44.074125,3.638871 44.073855,3.639087 44.073045,3.639627 44.072316,3.63987 44.0721,3.640113 44.071722,3.640491 44.071533,3.641058 44.071317,3.641193 44.071182,3.641274 44.071182,3.641409 44.071182,3.64149 44.071182,3.641571 44.071128,3.642381 44.071263,3.642948 44.071398,3.643164 44.071533,3.642948 44.071398,3.642786 44.071344,3.642381 44.071263,3.641922 44.071209,3.641571 44.071128,3.64149 44.071182,3.641409 44.071182,3.641274 44.071182,3.641193 44.071182,3.641058 44.071317,3.640113 44.071722,3.63987 44.0721,3.639627 44.072316,3.639087 44.073045,3.638871 44.073855,3.638871 44.074125,3.63879 44.074638,3.638682 44.074773,3.63852 44.0748,3.638196 44.074611,3.63771 44.074449,3.637251 44.074368,3.636711 44.074206,3.636576 44.074206,3.636792 44.074314,3.636873 44.074422,3.636549 44.074395,3.636495 44.074422,3.636873 44.074584,3.636495 44.074638,3.636846 44.074746,3.636495 44.074827,3.636711 44.074854,3.636873 44.074935,3.636522 44.074935,3.636468 44.074989,3.636549 44.07507,3.637089 44.075178,3.637143 44.075259,3.636792 44.075448,3.636252 44.075556,3.635928 44.075691,3.63555 44.076258,3.635307 44.07642,3.63528 44.076501,3.635334 44.076555,3.636063 44.076879,3.636441 44.077122,3.636522 44.077392,3.63663 44.078175,3.636819 44.078823,3.637008 44.079093,3.637224 44.079282,3.637386 44.079579,3.637521 44.07966,3.637602 44.079606,3.637602 44.079336,3.638088 44.079957,3.63852 44.080173,3.638547 44.080281,3.63879 44.080659,3.639708 44.080578)",Office du tourisme,,2018-07-09,2020-05-15,"[{""url"" : ""paperclip/trekking_trek/41482/01-valleraugue-4_1.JPG"", ""titre"" : ""Valleraugue"", ""auteur"" : ""nathalie.thomas"", ""licence"" : ""licence""}, {""url"" : ""paperclip/trekking_trek/41482/06-col-delze-3_1.JPG"", ""titre"" : ""Col de l'Elze"", ""auteur"" : ""nathalie.thomas"", ""licence"" : ""licence""}, {""url"" : ""paperclip/trekking_trek/41482/02-vallee-de-lherault-_1.JPG"", ""titre"" : ""Vue sur l'Aigoual et ses contreforts"", ""auteur"" : ""nathalie.thomas"", ""licence"" : ""licence""}]",,